paper_id,design,instrument_if_appraised,validation_tier,external_validation,sample_n,adni_dependent,performance_suspect_set,rob_domain_1,rob_domain_2,rob_domain_3,rob_domain_4,rob_overall,appraiser,appraisal_date
P-1,cross_sectional,QUADAS-2 (diagnostic accuracy) or ROBINS-E (associations),V2,no,383,true,yes,,,,,,,
P-2,cross_sectional,QUADAS-2 (diagnostic accuracy) or ROBINS-E (associations),not reported,no,79,false,no,,,,,,,
P-3,cross_sectional,QUADAS-2 (diagnostic accuracy) or ROBINS-E (associations),V2,no,1587,true,no,,,,,,,
P-5,cross_sectional,QUADAS-2 (diagnostic accuracy) or ROBINS-E (associations),V2,no,390,false,no,,,,,,,
P-6,cross_sectional,QUADAS-2 (diagnostic accuracy) or ROBINS-E (associations),V2,no,151,false,no,,,,,,,
P-9,cross_sectional,QUADAS-2 (diagnostic accuracy) or ROBINS-E (associations),V2,no,155,false,no,,,,,,,
P-12,cross_sectional,QUADAS-2 (diagnostic accuracy) or ROBINS-E (associations),V2,no,1155,false,no,,,,,,,
P-13,survival_analysis,PROBAST (prognostic models) or ROBINS-E (cohort exposures),V3,no,718,true,no,,,,,,,
P-14,cross_sectional,QUADAS-2 (diagnostic accuracy) or ROBINS-E (associations),V2,no,184,true,no,,,,,,,
P-19,cross_sectional,QUADAS-2 (diagnostic accuracy) or ROBINS-E (associations),V3,no,1938,false,no,,,,,,,
P-25,cross_sectional,QUADAS-2 (diagnostic accuracy) or ROBINS-E (associations),V2,no,6434,false,no,,,,,,,
P-26,longitudinal_multipoint,PROBAST (prognostic models) or ROBINS-E (cohort exposures),V2,no,397,true,no,,,,,,,
P-27,cross_sectional,QUADAS-2 (diagnostic accuracy) or ROBINS-E (associations),V4,yes,1964,false,no,,,,,,,
P-31,cross_sectional,QUADAS-2 (diagnostic accuracy) or ROBINS-E (associations),V2,no,27,false,yes,,,,,,,
P-35,cross_sectional,QUADAS-2 (diagnostic accuracy) or ROBINS-E (associations),V2,no,602,false,no,,,,,,,
P-41,cross_sectional,QUADAS-2 (diagnostic accuracy) or ROBINS-E (associations),V2,no,192,true,no,,,,,,,
P-43,cross_sectional,QUADAS-2 (diagnostic accuracy) or ROBINS-E (associations),V2,no,62,false,no,,,,,,,
P-44,cross_sectional,QUADAS-2 (diagnostic accuracy) or ROBINS-E (associations),V2,no,76,false,no,,,,,,,
P-45,cross_sectional,QUADAS-2 (diagnostic accuracy) or ROBINS-E (associations),V2,no,171,true,no,,,,,,,
P-46,cross_sectional,QUADAS-2 (diagnostic accuracy) or ROBINS-E (associations),V2,no,27,false,no,,,,,,,
P-48,cross_sectional,QUADAS-2 (diagnostic accuracy) or ROBINS-E (associations),V2,no,587,true,no,,,,,,,
P-50,cross_sectional,QUADAS-2 (diagnostic accuracy) or ROBINS-E (associations),V1,no,46,false,no,,,,,,,
P-51,cross_sectional,QUADAS-2 (diagnostic accuracy) or ROBINS-E (associations),V4,yes,154,true,no,,,,,,,
P-52,cross_sectional,QUADAS-2 (diagnostic accuracy) or ROBINS-E (associations),V2,no,150,false,no,,,,,,,
P-58,cross_sectional,QUADAS-2 (diagnostic accuracy) or ROBINS-E (associations),V2,no,66,false,no,,,,,,,
P-59,cross_sectional,QUADAS-2 (diagnostic accuracy) or ROBINS-E (associations),V2,no,75,false,no,,,,,,,
P-65,cross_sectional,QUADAS-2 (diagnostic accuracy) or ROBINS-E (associations),V2,no,573,true,no,,,,,,,
P-66,cross_sectional,QUADAS-2 (diagnostic accuracy) or ROBINS-E (associations),V2,no,599,true,no,,,,,,,
P-69,longitudinal_multipoint,PROBAST (prognostic models) or ROBINS-E (cohort exposures),V2,no,2977,false,no,,,,,,,
P-70,cross_sectional,QUADAS-2 (diagnostic accuracy) or ROBINS-E (associations),V2,no,27,false,no,,,,,,,
P-74,longitudinal_multipoint,PROBAST (prognostic models) or ROBINS-E (cohort exposures),V2,no,768,false,no,,,,,,,
P-76,cross_sectional,QUADAS-2 (diagnostic accuracy) or ROBINS-E (associations),V2,no,186,false,no,,,,,,,
P-77,cross_sectional,QUADAS-2 (diagnostic accuracy) or ROBINS-E (associations),V2,no,68,false,no,,,,,,,
P-81,cross_sectional,QUADAS-2 (diagnostic accuracy) or ROBINS-E (associations),V2,no,612,true,no,,,,,,,
P-88,survival_analysis,PROBAST (prognostic models) or ROBINS-E (cohort exposures),V2,no,341,true,no,,,,,,,
P-91,cross_sectional,QUADAS-2 (diagnostic accuracy) or ROBINS-E (associations),V2,no,100,false,no,,,,,,,
P-96,cross_sectional,QUADAS-2 (diagnostic accuracy) or ROBINS-E (associations),V4,yes,not reported,false,no,,,,,,,
P-99,cross_sectional,QUADAS-2 (diagnostic accuracy) or ROBINS-E (associations),V2,no,207,false,no,,,,,,,
P-101,cross_sectional,QUADAS-2 (diagnostic accuracy) or ROBINS-E (associations),V2,no,333,false,no,,,,,,,
P-102,cross_sectional,QUADAS-2 (diagnostic accuracy) or ROBINS-E (associations),V2,no,37,false,no,,,,,,,
P-103,longitudinal_multipoint,PROBAST (prognostic models) or ROBINS-E (cohort exposures),V3,no,3952,false,no,,,,,,,
P-104,cross_sectional,QUADAS-2 (diagnostic accuracy) or ROBINS-E (associations),V2,no,685,true,no,,,,,,,
P-105,review_meta_analysis,ROBIS / AMSTAR 2 (evidence syntheses),V2,no,not reported,false,no,,,,,,,
P-108,review_meta_analysis,ROBIS / AMSTAR 2 (evidence syntheses),V2,no,not reported,false,no,,,,,,,
P-119,cross_sectional,QUADAS-2 (diagnostic accuracy) or ROBINS-E (associations),V2,no,Not reported as participants (Figshare E,false,yes,,,,,,,
P-144,cross_sectional,QUADAS-2 (diagnostic accuracy) or ROBINS-E (associations),not reported,no,178,false,no,,,,,,,
P-151,review_meta_analysis,ROBIS / AMSTAR 2 (evidence syntheses),V2,no,52 RCTs; 8452 participants,false,no,,,,,,,
P-158,cross_sectional,QUADAS-2 (diagnostic accuracy) or ROBINS-E (associations),V2,no,60,false,no,,,,,,,
P-168,longitudinal_multipoint,PROBAST (prognostic models) or ROBINS-E (cohort exposures),V2,no,347,true,no,,,,,,,
P-177,cross_sectional,QUADAS-2 (diagnostic accuracy) or ROBINS-E (associations),V2,no,158,true,no,,,,,,,
P-182,cross_sectional,QUADAS-2 (diagnostic accuracy) or ROBINS-E (associations),V2,no,381,true,no,,,,,,,
P-197,cross_sectional,QUADAS-2 (diagnostic accuracy) or ROBINS-E (associations),V2,no,125,false,yes,,,,,,,
P-200,cross_sectional,QUADAS-2 (diagnostic accuracy) or ROBINS-E (associations),V2,no,582,true,yes,,,,,,,
P-224,cross_sectional,QUADAS-2 (diagnostic accuracy) or ROBINS-E (associations),V2,no,107,false,no,,,,,,,
P-243,cross_sectional,QUADAS-2 (diagnostic accuracy) or ROBINS-E (associations),V2,no,627,true,no,,,,,,,
P-245,cross_sectional,QUADAS-2 (diagnostic accuracy) or ROBINS-E (associations),V2,no,64,false,no,,,,,,,
P-249,review_meta_analysis,ROBIS / AMSTAR 2 (evidence syntheses),V2,no,16 RCTs,false,no,,,,,,,
P-255,cross_sectional,QUADAS-2 (diagnostic accuracy) or ROBINS-E (associations),V2,no,"307 individuals (578 eyes; 182 MCI, 125 ",false,no,,,,,,,
P-265,survival_analysis,PROBAST (prognostic models) or ROBINS-E (cohort exposures),V2,no,110,false,no,,,,,,,
P-266,cross_sectional,QUADAS-2 (diagnostic accuracy) or ROBINS-E (associations),V2,no,605,false,no,,,,,,,
P-268,cross_sectional,QUADAS-2 (diagnostic accuracy) or ROBINS-E (associations),V2,no,58,false,no,,,,,,,
P-273,cross_sectional,QUADAS-2 (diagnostic accuracy) or ROBINS-E (associations),V3,no,252,true,no,,,,,,,
P-274,cross_sectional,QUADAS-2 (diagnostic accuracy) or ROBINS-E (associations),V4,yes,332,true,no,,,,,,,
P-290,cross_sectional,QUADAS-2 (diagnostic accuracy) or ROBINS-E (associations),V2,no,65,false,no,,,,,,,
P-306,cross_sectional,QUADAS-2 (diagnostic accuracy) or ROBINS-E (associations),V2,no,169,false,no,,,,,,,
P-307,cross_sectional,QUADAS-2 (diagnostic accuracy) or ROBINS-E (associations),V2,no,612,false,no,,,,,,,
P-309,survival_analysis,PROBAST (prognostic models) or ROBINS-E (cohort exposures),V2,no,3674,false,no,,,,,,,
P-329,review_meta_analysis,ROBIS / AMSTAR 2 (evidence syntheses),V2,no,138 studies,true,no,,,,,,,
P-344,survival_analysis,PROBAST (prognostic models) or ROBINS-E (cohort exposures),V2,no,902,true,no,,,,,,,
P-348,longitudinal_2point,PROBAST (prognostic models) or ROBINS-E (cohort exposures),V2,no,347,false,no,,,,,,,
P-352,cross_sectional,QUADAS-2 (diagnostic accuracy) or ROBINS-E (associations),V2,no,169,false,no,,,,,,,
P-363,cross_sectional,QUADAS-2 (diagnostic accuracy) or ROBINS-E (associations),not reported,no,150 (target),false,no,,,,,,,
P-373,review_meta_analysis,ROBIS / AMSTAR 2 (evidence syntheses),not reported,no,3177,false,no,,,,,,,
P-378,cross_sectional,QUADAS-2 (diagnostic accuracy) or ROBINS-E (associations),V2,no,854,false,no,,,,,,,
P-398,cross_sectional,QUADAS-2 (diagnostic accuracy) or ROBINS-E (associations),V2,no,not reported,false,no,,,,,,,
P-408,cross_sectional,QUADAS-2 (diagnostic accuracy) or ROBINS-E (associations),V2,no,60,false,yes,,,,,,,
P-409,cross_sectional,QUADAS-2 (diagnostic accuracy) or ROBINS-E (associations),V2,no,84,false,no,,,,,,,
P-432,cross_sectional,QUADAS-2 (diagnostic accuracy) or ROBINS-E (associations),V2,no,148,false,no,,,,,,,
P-450,cross_sectional,QUADAS-2 (diagnostic accuracy) or ROBINS-E (associations),V2,no,36,false,no,,,,,,,
P-452,cross_sectional,QUADAS-2 (diagnostic accuracy) or ROBINS-E (associations),V2,no,27 (12F/15M of 48 MCI),false,no,,,,,,,
P-453,review_meta_analysis,ROBIS / AMSTAR 2 (evidence syntheses),V2,no,12 studies,false,no,,,,,,,
P-460,review_meta_analysis,ROBIS / AMSTAR 2 (evidence syntheses),V2,no,50 studies (median N 110.5),false,no,,,,,,,
P-461,systematic_review_network_meta_analysis,ROBIS / AMSTAR 2 (evidence syntheses),V2,no,19 RCTs / 599,false,no,,,,,,,
P-463,cross_sectional,QUADAS-2 (diagnostic accuracy) or ROBINS-E (associations),V2,no,161 — 67 HC/44 MCI/50 AD,false,no,,,,,,,
P-478,cross_sectional,QUADAS-2 (diagnostic accuracy) or ROBINS-E (associations),V1,no,83 — 20 aMCI / 63 CN,false,no,,,,,,,
P-480,cross_sectional,QUADAS-2 (diagnostic accuracy) or ROBINS-E (associations),V2,no,122 — 57 SCD / 46 MCI / 19 HC,false,no,,,,,,,
P-481,cross_sectional,QUADAS-2 (diagnostic accuracy) or ROBINS-E (associations),V4,yes,260 — ADNI: 131 CN / 91 MCI (Table 1 tot,true,no,,,,,,,
P-501,cross_sectional,QUADAS-2 (diagnostic accuracy) or ROBINS-E (associations),V3,no,137 — 84 HC / 53 MCI (42 aMCI / 11 naMCI,false,no,,,,,,,
P-516,case_control,QUADAS-2 (diagnostic accuracy) or ROBINS-E (associations),V3,no,"143 (ADNI MCI task; HCP gender task 1,00",true,no,,,,,,,
P-518,cross_sectional,QUADAS-2 (diagnostic accuracy) or ROBINS-E (associations),V2,no,44 — 24 HC / 14 mdaMCI / 6 mAD,false,no,,,,,,,
P-520,systematic_review,ROBIS / AMSTAR 2 (evidence syntheses),V2,no,12 studies (329 MCI patients),false,no,,,,,,,
P-524,longitudinal,PROBAST (prognostic models) or ROBINS-E (cohort exposures),V2,no,472 — 147 HC / 197 MCI / 128 AD,true,yes,,,,,,,
P-525,cross_sectional,QUADAS-2 (diagnostic accuracy) or ROBINS-E (associations),V2,no,25 PD-MCI — 8 Abeta+ / 17 Abeta-,false,no,,,,,,,
P-531,longitudinal,PROBAST (prognostic models) or ROBINS-E (cohort exposures),V2,no,86 — 49 PD (10 converters / 39 non-conve,false,no,,,,,,,
P-542,case_control,QUADAS-2 (diagnostic accuracy) or ROBINS-E (associations),V2,no,130 — 34 AD / 31 LMCI / 34 EMCI / 31 CN,true,no,,,,,,,
P-553,cross_sectional,QUADAS-2 (diagnostic accuracy) or ROBINS-E (associations),V2,no,25 - 12 MCI / 13 HC,false,no,,,,,,,
P-560,retrospective_observational_cohort,PROBAST (prognostic models) or ROBINS-E (cohort exposures),V3,no,87 (25 AD / 37 MCI [25 MCIc / 12 MCInc] ,False,no,,,,,,,
P-561,cross_sectional_group_comparison,QUADAS-2 (diagnostic accuracy) or ROBINS-E (associations),V2,no,904 analyzed (476 CN / 262 MCI / 57 Conv,True,no,,,,,,,
P-567,predictive_modeling_with_external_application,PROBAST (prognostic models) or ROBINS-E (cohort exposures),V4,yes,315 samples (ADNI 282 from 209 participa,True,no,,,,,,,
P-569,retrospective_observational_cohort,PROBAST (prognostic models) or ROBINS-E (cohort exposures),V2,no,399 (202 MCI non-converters [114 M/88 F],True,no,,,,,,,
P-570,longitudinal,PROBAST (prognostic models) or ROBINS-E (cohort exposures),V4,yes,1627 (1319 ADNI train / 308 in-house tes,True,no,,,,,,,
P-571,cross_sectional,QUADAS-2 (diagnostic accuracy) or ROBINS-E (associations),V2,no,138 (67 MCI / 71 HC),False,no,,,,,,,
P-581,longitudinal,PROBAST (prognostic models) or ROBINS-E (cohort exposures),V2,no,826,False,no,,,,,,,
P-584,longitudinal,PROBAST (prognostic models) or ROBINS-E (cohort exposures),V2,no,102 (31 progressors; mean follow-up 5.9 ,False,no,,,,,,,
P-592,longitudinal,PROBAST (prognostic models) or ROBINS-E (cohort exposures),V2,no,166 (50 healthy / 60 sMCI-resilient / 56,False,no,,,,,,,
P-595,cross_sectional,QUADAS-2 (diagnostic accuracy) or ROBINS-E (associations),V2,no,373 (178 CU A- / 91 CU A+ / 90 MCI A+ / ,True,no,,,,,,,
P-603,meta_analysis,ROBIS / AMSTAR 2 (evidence syntheses),V2,no,21 studies,False,no,,,,,,,
P-604,case_control,QUADAS-2 (diagnostic accuracy) or ROBINS-E (associations),V3,no,204 (derivation 134: 69 CN / 65 MCI; ext,False,no,,,,,,,
P-621,randomized_controlled_trial,RoB 2 (randomised trials),V2,no,116,False,no,,,,,,,
P-637,systematic_review,ROBIS / AMSTAR 2 (evidence syntheses),V2,no,38 studies,False,no,,,,,,,
P-643,cross_sectional,QUADAS-2 (diagnostic accuracy) or ROBINS-E (associations),V2,no,130 (43 HC / 22 MDD-MCI-A+ / 28 MDD-MCI-,False,no,,,,,,,
P-644,cross_sectional,QUADAS-2 (diagnostic accuracy) or ROBINS-E (associations),V2,no,1394 (241 MCI / 1153 cognitively normal),False,no,,,,,,,
P-646,survival_analysis,PROBAST (prognostic models) or ROBINS-E (cohort exposures),V2,no,9317 (depression-to-MCI) / 9428 (MCI-to-,False,no,,,,,,,
P-647,cross_sectional,QUADAS-2 (diagnostic accuracy) or ROBINS-E (associations),V2,no,1014 (175 with depressive symptoms / 839,False,no,,,,,,,
P-648,survival_analysis,PROBAST (prognostic models) or ROBINS-E (cohort exposures),V2,no,"126,785 (67,831 female / 58,954 male, me",False,no,,,,,,,
P-650,survival_analysis,PROBAST (prognostic models) or ROBINS-E (cohort exposures),V2,no,"200,726 free of MCI at baseline (154,988",False,no,,,,,,,
P-651,cross_sectional,QUADAS-2 (diagnostic accuracy) or ROBINS-E (associations),V2,no,169 (58 CSVD-MCI / 54 CSVD-NC without co,False,no,,,,,,,
P-653,randomized_controlled_trial,RoB 2 (randomised trials),V2,no,164 (92 MCI - 14 amnestic / 38 multi-dom,False,no,,,,,,,
P-654,review_meta_analysis,ROBIS / AMSTAR 2 (evidence syntheses),V2,no,"52 studies / 25,915 participants include",False,no,,,,,,,
P-655,review_meta_analysis,ROBIS / AMSTAR 2 (evidence syntheses),V2,no,10 RCTs; per-trial N 19 to 117 (Rozzini ,False,no,,,,,,,
P-656,cross_sectional,QUADAS-2 (diagnostic accuracy) or ROBINS-E (associations),V2,no,337 (280 neither / 39 PTSD only / 6 MDE ,False,no,,,,,,,
P-657,review_meta_analysis,ROBIS / AMSTAR 2 (evidence syntheses),V2,no,"52 studies, 29,321 older adults with MCI",False,no,,,,,,,
P-661,cross_sectional,QUADAS-2 (diagnostic accuracy) or ROBINS-E (associations),V2,no,35 (18 EMCI / 17 LMCI),False,no,,,,,,,
P-662,cross_sectional,QUADAS-2 (diagnostic accuracy) or ROBINS-E (associations),V2,no,93 (46 amnestic MCI / 47 healthy elderly,False,no,,,,,,,
P-663,cross_sectional,QUADAS-2 (diagnostic accuracy) or ROBINS-E (associations),V2,no,111 (24 SCD / 41 MCI / 46 AD; 72 female ,False,no,,,,,,,
P-665,cross_sectional,QUADAS-2 (diagnostic accuracy) or ROBINS-E (associations),V2,no,60 (30 MCI / 30 healthy controls),False,no,,,,,,,
P-666,cross_sectional,QUADAS-2 (diagnostic accuracy) or ROBINS-E (associations),V2,no,104 (36 MetS-MCI / 30 MetS-NC / 38 HC),False,no,,,,,,,
P-671,longitudinal_2point,PROBAST (prognostic models) or ROBINS-E (cohort exposures),V2,no,769 (256 reverters / 395 maintainers / 1,False,no,,,,,,,
P-674,review_meta_analysis,ROBIS / AMSTAR 2 (evidence syntheses),V2,no,22 studies (2210 participants enrolled /,False,no,,,,,,,
P-680,review_meta_analysis,ROBIS / AMSTAR 2 (evidence syntheses),V2,no,"23 studies (1220 participants, mean age ",False,no,,,,,,,
P-705,review_meta_analysis,ROBIS / AMSTAR 2 (evidence syntheses),V2,no,"22 studies, 1,074 patients pooled (426 M",False,no,,,,,,,
P-778,survival_analysis,PROBAST (prognostic models) or ROBINS-E (cohort exposures),V2,no,"123 - 92 MCI patients (36 MCI-AD, 17 pos",false,no,,,,,,,
P-816,retrospective_observational_cohort,PROBAST (prognostic models) or ROBINS-E (cohort exposures),V4,yes,"**3,626 analysed patients - 1,106 MCI/AD",false,no,,,,,,,
P-832,review_meta_analysis,ROBIS / AMSTAR 2 (evidence syntheses),V2,no,19 studies / 552 pooled participants,false,no,,,,,,,
P-862,cross_sectional,QUADAS-2 (diagnostic accuracy) or ROBINS-E (associations),V2,no,1536 - 285 CU no SCD/89 CU with SCD/310 ,false,no,,,,,,,
P-884,cross_sectional,QUADAS-2 (diagnostic accuracy) or ROBINS-E (associations),V3,no,150 - 13 HE / 77 MCI / 105 AD/D (195 rec,false,no,,,,,,,
P-890,cross_sectional_group_comparison,QUADAS-2 (diagnostic accuracy) or ROBINS-E (associations),V2,no,20 PD-MCI (+10 comparison),false,no,,,,,,,
P-899,cross_sectional_observational,QUADAS-2 (diagnostic accuracy) or ROBINS-E (associations),V2,no,63 (36 HC / 27 MCI),false,no,,,,,,,
P-912,review_meta_analysis,ROBIS / AMSTAR 2 (evidence syntheses),V2,no,17 studies (review),false,no,,,,,,,
P-924,longitudinal_2point,PROBAST (prognostic models) or ROBINS-E (cohort exposures),V2,no,122 (64 community + 58 clinic amnestic M,false,no,,,,,,,
P-926,longitudinal_2point,PROBAST (prognostic models) or ROBINS-E (cohort exposures),V2,no,358,false,no,,,,,,,
P-937,multi_cohort_comparison,PROBAST (prognostic models) or ROBINS-E (cohort exposures),V2,no,7838,true,no,,,,,,,
P-938,cross_sectional,QUADAS-2 (diagnostic accuracy) or ROBINS-E (associations),V3,no,80,false,no,,,,,,,
P-940,longitudinal_2point,PROBAST (prognostic models) or ROBINS-E (cohort exposures),V2,no,116,false,no,,,,,,,
P-941,longitudinal_multipoint,PROBAST (prognostic models) or ROBINS-E (cohort exposures),V2,no,830,false,no,,,,,,,
P-947,longitudinal_multipoint,PROBAST (prognostic models) or ROBINS-E (cohort exposures),V2,no,680 MCI (272 learning + 408 evaluation) ,true,no,,,,,,,
P-952,cross_sectional,QUADAS-2 (diagnostic accuracy) or ROBINS-E (associations),V2,no,86,false,no,,,,,,,
P-955,cross_sectional_longitudinal_outcomes,PROBAST (prognostic models) or ROBINS-E (cohort exposures),V2,no,354,false,no,,,,,,,
P-958,cross-sectional_with_followup,QUADAS-2 (diagnostic accuracy) or ROBINS-E (associations),V2,no,3025,false,no,,,,,,,
P-962,longitudinal_multipoint,PROBAST (prognostic models) or ROBINS-E (cohort exposures),V2,no,not reported,false,no,,,,,,,
P-966,cross_sectional,QUADAS-2 (diagnostic accuracy) or ROBINS-E (associations),V2,no,249,false,no,,,,,,,
P-971,longitudinal_multipoint,PROBAST (prognostic models) or ROBINS-E (cohort exposures),V2,no,329,true,no,,,,,,,
P-981,longitudinal_multipoint,PROBAST (prognostic models) or ROBINS-E (cohort exposures),V2,no,N= 5921,false,no,,,,,,,
P-982,cross_sectional,QUADAS-2 (diagnostic accuracy) or ROBINS-E (associations),V2,no,"N= 421 (348 MCI, MoCA<25)",false,no,,,,,,,
P-985,cross_sectional,QUADAS-2 (diagnostic accuracy) or ROBINS-E (associations),V2,no,N= 3 (case reviews),false,no,,,,,,,
P-986,longitudinal_multipoint,PROBAST (prognostic models) or ROBINS-E (cohort exposures),V2,no,N= 1119 (744 Petersen + 375 NP eligible),false,no,,,,,,,
P-999,survival_analysis,PROBAST (prognostic models) or ROBINS-E (cohort exposures),V2,no,128683 hypertensive patients with MCI,false,no,,,,,,,
P-1006,cross_sectional,QUADAS-2 (diagnostic accuracy) or ROBINS-E (associations),V2,no,679 participants,false,no,,,,,,,
P-1081,survival_analysis,PROBAST (prognostic models) or ROBINS-E (cohort exposures),V3,no,"59,782 veterans with MCI (15,420 convert",false,no,,,,,,,
P-1094,longitudinal_multipoint,PROBAST (prognostic models) or ROBINS-E (cohort exposures),V2,no,"2,233 database; 86 SCDWinblad; 185 SCDJa",false,no,,,,,,,
P-1133,longitudinal_multipoint,PROBAST (prognostic models) or ROBINS-E (cohort exposures),V2,no,796 non-demented (109 reverters / 334 st,true,no,,,,,,,
P-1135,longitudinal_multipoint,PROBAST (prognostic models) or ROBINS-E (cohort exposures),V2,no,"1,019 subjects (93 rMCI / 567 sMCI / 359",true,no,,,,,,,
P-1136,longitudinal_multipoint,PROBAST (prognostic models) or ROBINS-E (cohort exposures),V2,no,"1,021 older adults without dementia",false,no,,,,,,,
P-1150,survival_analysis,PROBAST (prognostic models) or ROBINS-E (cohort exposures),V2,no,4560,false,no,,,,,,,
P-1151,survival_analysis,PROBAST (prognostic models) or ROBINS-E (cohort exposures),V2,no,31806,false,no,,,,,,,
P-1154,survival_analysis,PROBAST (prognostic models) or ROBINS-E (cohort exposures),V2,no,1136,true,yes,,,,,,,
P-1157,survival_analysis,PROBAST (prognostic models) or ROBINS-E (cohort exposures),V2,no,237,false,no,,,,,,,
P-1162,review_meta_analysis,ROBIS / AMSTAR 2 (evidence syntheses),V2,no,Not reported in source (narrative review,false,no,,,,,,,
P-1169,review_meta_analysis,ROBIS / AMSTAR 2 (evidence syntheses),V2,no,"2,609 MCI clinical trials",false,no,,,,,,,
P-1171,cross_sectional,QUADAS-2 (diagnostic accuracy) or ROBINS-E (associations),V2,no,Not reported in source (modelling/HTA; n,false,no,,,,,,,
P-1214,longitudinal_2point,PROBAST (prognostic models) or ROBINS-E (cohort exposures),V1,no,"180 MCI patients (104 nonconverters, 76 ",true,no,,,,,,,
P-1216,survival_analysis,PROBAST (prognostic models) or ROBINS-E (cohort exposures),V1,no,"558 amnestic MCI (168 ChEI users, 390 no",true,no,,,,,,,
P-1232,cross_sectional,QUADAS-2 (diagnostic accuracy) or ROBINS-E (associations),V3,no,"310 (155 MCI, 155 controls); external 18",false,no,,,,,,,
P-1254,cross_sectional,QUADAS-2 (diagnostic accuracy) or ROBINS-E (associations),V2,no,275 community elderly screened; miRNA/RO,false,no,,,,,,,
P-1290,randomized_controlled_trial,RoB 2 (randomised trials),V1,no,598 amyloid-PET-positive participants (2,false,no,,,,,,,
P-1403,survival_analysis,PROBAST (prognostic models) or ROBINS-E (cohort exposures),V2,no,228 participants with 62 (27%) progressi,false,no,,,,,,,
P-1421,longitudinal_multipoint,PROBAST (prognostic models) or ROBINS-E (cohort exposures),V2,no,2148 dementia-free participants (381 MCI,false,no,,,,,,,
