item,record,kind,first_reader,ledger_status
1,IA-65,IA,reject,rejected
2,IA-21,IA,admit,confirmed
3,IA-69,IA,reject,rejected
4,IA-47,IA,admit,confirmed
5,IA-12,IA,admit,confirmed
6,G-CAND-56,G,reject,rejected
7,IA-68,IA,reject,rejected
8,CF-17,CF,reject,rejected
9,VF-08-candidate,VF,reject,insufficient_support
10,VF-07,VF,admit,
11,IA-19,IA,admit,confirmed
12,VF-18,VF,admit,
13,IA-38,IA,admit,confirmed
14,G-18,G,admit,open
15,ACTOR-G-026,G,admit,open
16,ACTOR-G-013,G,admit,open
17,VF-04,VF,reject,insufficient_support
18,IA-36,IA,admit,confirmed
19,IA-15,IA,admit,confirmed
20,VF-12,VF,admit,re-derived_pending_g4
21,VF-28,VF,admit,
22,IA-40,IA,admit,confirmed
23,ACTOR-G-022,G,admit,open
24,G-CAND-100,G,reject,rejected
25,IA-09,IA,admit,confirmed
26,IA-70,IA,reject,rejected
27,VF-30,VF,admit,
28,VF-05,VF,reject,demoted_not_a_verified_finding
29,CF-185,CF,admit,confirmed
30,IA-13,IA,admit,confirmed
31,CF-282,CF,admit,confirmed
32,IA-24,IA,reject,rejected_g5_belief_not_disproved
33,IA-01,IA,admit,confirmed
34,CF-187,CF,admit,confirmed
35,IA-26,IA,reject,rejected
36,C-204,C,admit,genuine_confirmed
37,C-198,C,reject,false_positive
38,CF-36,CF,reject,rejected
39,ACTOR-G-017,G,admit,open
40,G-CAND-69,G,reject,closed
41,G-02,G,admit,open
42,VF-29,VF,admit,
43,G-CAND-163,G,reject,rejected
44,ACTOR-G-018,G,admit,open
45,ACTOR-G-033,G,admit,open
